order,Time Completed,Event ID,Move Kind,Unit Category,Unit Nbr,From Position,From Slot,To Position,To Slot,Che-Put,Unit Arrival Postion,Unit O/B Actual Visit,Unit POD,Unit POL,Unit Type Height,Unit Type Length,Unit Type ISO,Unit Weight (kg),Unit Position,from_yard,from_bay,from_col,from_layer,Ship_id,to_bay,to_col,to_layer,cluster
0,25-02-26 1705,UNIT_YARD_MOVE,LOAD,EXPRT,SNBU2397030,Y-TSCT-2A3910.5,2A3910.5,Y-TSCT-Q05,2AA39,R321,T-TJCB9578-3 (TQ),BEIJ_0C4,PHMNL,CNTSN,NOM86,NOM20,22G1,22407,V-BEIJ_0C4-070508,2A,39,10,5,V-BEIJ_0C4,7,5,8,2
1,25-02-26 1723,UNIT_YARD_MOVE,LOAD,EXPRT,HPCU2389324,Y-TSCT-2A3901.1,2A3901.1,Y-TSCT-Q05,2AA39,R322,T-TJC19739-3 (TQ),BEIJ_0C4,PHMNL,CNTSN,NOM86,NOM20,22G1,11526,V-BEIJ_0C4-070608,2A,39,1,1,V-BEIJ_0C4,7,6,8,2
2,25-02-26 1726,UNIT_YARD_MOVE,LOAD,EXPRT,HPCU2390290,Y-TSCT-2A3910.4,2A3910.4,Y-TSCT-Q05,2AA39,R322,T-TJCK6617-2 (TQ),BEIJ_0C4,PHMNL,CNTSN,NOM86,NOM20,22G1,22527,V-BEIJ_0C4-050002,2A,39,10,4,V-BEIJ_0C4,5,0,2,2
3,25-02-26 1728,UNIT_YARD_MOVE,LOAD,EXPRT,TIIU2360309,Y-TSCT-2A3910.3,2A3910.3,Y-TSCT-Q05,2AA39,R322,T-TJCC3871-2 (TQ),BEIJ_0C4,PHMNL,CNTSN,NOM86,NOM20,22G1,22407,V-BEIJ_0C4-070002,2A,39,10,3,V-BEIJ_0C4,7,0,2,2
4,25-02-26 1745,UNIT_YARD_MOVE,LOAD,EXPRT,SNBU2274530,Y-TSCT-2A3910.2,2A3910.2,Y-TSCT-Q05,2AA39,R322,T-TJCA5065-2 (TQ),BEIJ_0C4,PHMNL,CNTSN,NOM86,NOM20,22G1,22447,V-BEIJ_0C4-050306,2A,39,10,2,V-BEIJ_0C4,5,3,6,2
5,25-02-26 1746,UNIT_YARD_MOVE,LOAD,EXPRT,SNBU2272753,Y-TSCT-2A3910.1,2A3910.1,Y-TSCT-Q05,2AA39,R322,T-TJCC1095-2 (TQ),BEIJ_0C4,PHMNL,CNTSN,NOM86,NOM20,22G1,22447,V-BEIJ_0C4-070306,2A,39,10,1,V-BEIJ_0C4,7,3,6,2
6,25-02-26 1814,UNIT_YARD_MOVE,LOAD,EXPRT,TIIU2360910,Y-TSCT-2A3908.4,2A3908.4,Y-TSCT-Q04,2AA39,R322,T-TJCD0120-3 (TQ),BEIJ_0C4,PHMNL,CNTSN,NOM86,NOM20,22G1,30100,V-BEIJ_0C4-210302,2A,39,8,4,V-BEIJ_0C4,21,3,2,2
7,25-02-26 1816,UNIT_YARD_MOVE,LOAD,EXPRT,SNBU2400242,Y-TSCT-2A3908.3,2A3908.3,Y-TSCT-Q04,2AA39,R322,T-TJC97625-3 (TQ),BEIJ_0C4,PHMNL,CNTSN,NOM86,NOM20,22G1,30140,V-BEIJ_0C4-230302,2A,39,8,3,V-BEIJ_0C4,23,3,2,2
8,25-02-26 1818,UNIT_YARD_MOVE,LOAD,EXPRT,HPCU2391300,Y-TSCT-2A3908.2,2A3908.2,Y-TSCT-Q04,2AA39,R322,T-TJC09160-2 (TQ),BEIJ_0C4,PHMNL,CNTSN,NOM86,NOM20,22G1,30100,V-BEIJ_0C4-210202,2A,39,8,2,V-BEIJ_0C4,21,2,2,2
9,25-02-26 1819,UNIT_YARD_MOVE,LOAD,EXPRT,SNBU2248823,Y-TSCT-2A3908.1,2A3908.1,Y-TSCT-Q04,2AA39,R322,T-HBJY3522-2 (TQ),BEIJ_0C4,PHMNL,CNTSN,NOM86,NOM20,22G1,30185,V-BEIJ_0C4-230202,2A,39,8,1,V-BEIJ_0C4,23,2,2,2
10,25-02-26 1828,UNIT_YARD_MOVE,LOAD,EXPRT,SNBU2307588,Y-TSCT-2A3911.4,2A3911.4,Y-TSCT-Q04,2AA39,R322,T-TJCK6067-2 (TQ),BEIJ_0C4,PHMNL,CNTSN,NOM86,NOM20,22G1,22492,V-BEIJ_0C4-210506,2A,39,11,4,V-BEIJ_0C4,21,5,6,2
11,25-02-26 1830,UNIT_YARD_MOVE,LOAD,EXPRT,SLPU2005470,Y-TSCT-2A3911.3,2A3911.3,Y-TSCT-Q04,2AA39,R322,T-TJCA0697-2 (TQ),BEIJ_0C4,PHMNL,CNTSN,NOM86,NOM20,22G1,22437,V-BEIJ_0C4-230506,2A,39,11,3,V-BEIJ_0C4,23,5,6,2
12,25-02-26 1831,UNIT_YARD_MOVE,LOAD,EXPRT,SNBU2284311,Y-TSCT-2A3911.2,2A3911.2,Y-TSCT-Q04,2AA39,R322,T-TJCK6088-2 (TQ),BEIJ_0C4,PHMNL,CNTSN,NOM86,NOM20,22G1,22447,V-BEIJ_0C4-210606,2A,39,11,2,V-BEIJ_0C4,21,6,6,2
13,25-02-26 1833,UNIT_YARD_MOVE,LOAD,EXPRT,TIIU2361183,Y-TSCT-2A3911.1,2A3911.1,Y-TSCT-Q04,2AA39,R322,T-TJC91060-2 (TQ),BEIJ_0C4,PHMNL,CNTSN,NOM86,NOM20,22G1,22407,V-BEIJ_0C4-230606,2A,39,11,1,V-BEIJ_0C4,23,6,6,2
14,25-02-26 1836,UNIT_YARD_MOVE,LOAD,EXPRT,FTAU2120427,Y-TSCT-2A3907.2,2A3907.2,Y-TSCT-Q05,2AA39,R322,T-TJC91060-2 (TQ),BEIJ_0C4,PHMNL,CNTSN,NOM86,NOM20,22G1,22407,V-BEIJ_0C4-130306,2A,39,7,2,V-BEIJ_0C4,13,3,6,2
15,25-02-26 1838,UNIT_YARD_MOVE,LOAD,EXPRT,FTAU2030180,Y-TSCT-2A3907.1,2A3907.1,Y-TSCT-Q05,2AA39,R322,T-BJALY766-2 (TQ),BEIJ_0C4,PHMNL,CNTSN,NOM86,NOM20,22G1,22407,V-BEIJ_0C4-150306,2A,39,7,1,V-BEIJ_0C4,15,3,6,2
16,25-02-26 1840,UNIT_YARD_MOVE,LOAD,EXPRT,SNBU2372156,Y-TSCT-2A3906.2,2A3906.2,Y-TSCT-Q05,2AA39,R322,T-TJC57891-2 (TQ),BEIJ_0C4,PHMNL,CNTSN,NOM86,NOM20,22G1,22407,V-BEIJ_0C4-130606,2A,39,6,2,V-BEIJ_0C4,13,6,6,2
17,25-02-26 1842,UNIT_YARD_MOVE,LOAD,EXPRT,SNBU2251920,Y-TSCT-2A3906.1,2A3906.1,Y-TSCT-Q05,2AA39,R322,T-TJCB0627-2 (TQ),BEIJ_0C4,PHMNL,CNTSN,NOM86,NOM20,22G1,22492,V-BEIJ_0C4-150606,2A,39,6,1,V-BEIJ_0C4,15,6,6,2
18,25-02-26 2104,UNIT_YARD_MOVE,LOAD,EXPRT,SNBU2281945,Y-TSCT-2A3909.4,2A3909.4,Y-TSCT-Q04,2AA39,R321,T-TJC97003-3 (TQ),BEIJ_0C4,PHMNL,CNTSN,NOM86,NOM20,22G1,29140,V-BEIJ_0C4-170302,2A,39,9,4,V-BEIJ_0C4,17,3,2,2
19,25-02-26 2105,UNIT_YARD_MOVE,LOAD,EXPRT,SNCU2944511,Y-TSCT-2A3909.3,2A3909.3,Y-TSCT-Q04,2AA39,R321,T-SXA07695D-3 (TQ),BEIJ_0C4,PHMNL,CNTSN,NOM86,NOM20,22G1,29130,V-BEIJ_0C4-190302,2A,39,9,3,V-BEIJ_0C4,19,3,2,2
20,25-02-26 2111,UNIT_YARD_MOVE,LOAD,EXPRT,SNCU2925229,Y-TSCT-2A3909.2,2A3909.2,Y-TSCT-Q04,2AA39,R321,T-TJCD0701-3 (TQ),BEIJ_0C4,PHMNL,CNTSN,NOM86,NOM20,22G1,29185,V-BEIJ_0C4-170002,2A,39,9,2,V-BEIJ_0C4,17,0,2,2
21,25-02-26 2112,UNIT_YARD_MOVE,LOAD,EXPRT,SNBU2373316,Y-TSCT-2A3909.1,2A3909.1,Y-TSCT-Q04,2AA39,R321,T-TJCD0767-3 (TQ),BEIJ_0C4,PHMNL,CNTSN,NOM86,NOM20,22G1,29100,V-BEIJ_0C4-190002,2A,39,9,1,V-BEIJ_0C4,19,0,2,2
22,25-02-26 2116,UNIT_YARD_MOVE,LOAD,EXPRT,UETU2621396,Y-TSCT-2A3905.2,2A3905.2,Y-TSCT-Q04,2AA39,R321,T-TJCD0701-3 (TQ),BEIJ_0C4,PHMNL,CNTSN,NOM86,NOM20,22G1,30100,V-BEIJ_0C4-170402,2A,39,5,2,V-BEIJ_0C4,17,4,2,2
23,25-02-26 2119,UNIT_YARD_MOVE,LOAD,EXPRT,SNBU2344468,Y-TSCT-2A3905.1,2A3905.1,Y-TSCT-Q04,2AA39,R322,T-TJCD0211-3 (TQ),BEIJ_0C4,PHMNL,CNTSN,NOM86,NOM20,22G1,29100,V-BEIJ_0C4-190402,2A,39,5,1,V-BEIJ_0C4,19,4,2,2
24,25-02-26 2149,UNIT_YARD_MOVE,LOAD,EXPRT,SNBU2381688,Y-TSCT-2A3904.5,2A3904.5,Y-TSCT-Q04,2AA39,R321,T-TJCA3292-2 (TQ),BEIJ_0C4,CNTAO,CNTSN,NOM86,NOM20,22G1,29666,V-BEIJ_0C4-170582,2A,39,4,5,V-BEIJ_0C4,17,5,82,1
25,25-02-26 2150,UNIT_YARD_MOVE,LOAD,EXPRT,SNCU2919252,Y-TSCT-2A3904.4,2A3904.4,Y-TSCT-Q04,2AA39,R321,T-TJCB9252-2 (TQ),BEIJ_0C4,CNTAO,CNTSN,NOM86,NOM20,22G1,29751,V-BEIJ_0C4-190582,2A,39,4,4,V-BEIJ_0C4,19,5,82,1
26,25-02-26 2152,UNIT_YARD_MOVE,LOAD,EXPRT,SNBU2274930,Y-TSCT-2A3904.3,2A3904.3,Y-TSCT-Q04,2AA39,R321,T-TJC75972-2 (TQ),BEIJ_0C4,CNTAO,CNTSN,NOM86,NOM20,22G1,29706,V-BEIJ_0C4-170182,2A,39,4,3,V-BEIJ_0C4,17,1,82,1
27,25-02-26 2154,UNIT_YARD_MOVE,LOAD,EXPRT,SNCU2919205,Y-TSCT-2A3904.2,2A3904.2,Y-TSCT-Q04,2AA39,R321,T-TJCA2536-2 (TQ),BEIJ_0C4,CNTAO,CNTSN,NOM86,NOM20,22G1,29751,V-BEIJ_0C4-190182,2A,39,4,2,V-BEIJ_0C4,19,1,82,1
28,25-02-26 2156,UNIT_YARD_MOVE,LOAD,EXPRT,SNBU2330253,Y-TSCT-2A3904.1,2A3904.1,Y-TSCT-Q04,2AA39,R321,T-TJC55609-2 (TQ),BEIJ_0C4,CNTAO,CNTSN,NOM86,NOM20,22G1,29666,V-BEIJ_0C4-170282,2A,39,4,1,V-BEIJ_0C4,17,2,82,1
29,25-02-26 2158,UNIT_YARD_MOVE,LOAD,EXPRT,SNBU2267649,Y-TSCT-2A3903.4,2A3903.4,Y-TSCT-Q04,2AA39,R321,T-TJCB9837-2 (TQ),BEIJ_0C4,CNTAO,CNTSN,NOM86,NOM20,22G1,29706,V-BEIJ_0C4-190282,2A,39,3,4,V-BEIJ_0C4,19,2,82,1
30,25-02-26 2200,UNIT_YARD_MOVE,LOAD,EXPRT,TEMU0866264,Y-TSCT-2A3903.3,2A3903.3,Y-TSCT-Q04,2AA39,R321,T-TJC55919-2 (TQ),BEIJ_0C4,CNTAO,CNTSN,NOM86,NOM20,22G1,29766,V-BEIJ_0C4-170682,2A,39,3,3,V-BEIJ_0C4,17,6,82,1
31,25-02-26 2202,UNIT_YARD_MOVE,LOAD,EXPRT,SNBU2376383,Y-TSCT-2A3903.2,2A3903.2,Y-TSCT-Q04,2AA39,R321,T-TJCM1706-3 (TQ),BEIJ_0C4,CNTAO,CNTSN,NOM86,NOM20,22G1,29300,V-BEIJ_0C4-190682,2A,39,3,2,V-BEIJ_0C4,19,6,82,1
32,25-02-26 2222,UNIT_YARD_MOVE,LOAD,EXPRT,FCIU5699734,Y-TSCT-2A3903.1,2A3903.1,Y-TSCT-Q04,2AA39,R321,T-TJCM1706-3 (TQ),BEIJ_0C4,CNTAO,CNTSN,NOM86,NOM20,22G1,29380,V-BEIJ_0C4-170184,2A,39,3,1,V-BEIJ_0C4,17,1,84,1
33,25-02-26 2223,UNIT_YARD_MOVE,LOAD,EXPRT,SNCU2931957,Y-TSCT-2A3902.3,2A3902.3,Y-TSCT-Q04,2AA39,R321,T-TJC79130-2 (TQ),BEIJ_0C4,CNTAO,CNTSN,NOM86,NOM20,22G1,29751,V-BEIJ_0C4-190184,2A,39,2,3,V-BEIJ_0C4,19,1,84,1
34,25-02-26 2226,UNIT_YARD_MOVE,LOAD,EXPRT,SNCU2934690,Y-TSCT-2A3902.2,2A3902.2,Y-TSCT-Q04,2AA39,R321,T-TJCA2590-2 (TQ),BEIJ_0C4,CNTAO,CNTSN,NOM86,NOM20,22G1,29751,V-BEIJ_0C4-170284,2A,39,2,2,V-BEIJ_0C4,17,2,84,1
35,25-02-26 2228,UNIT_YARD_MOVE,LOAD,EXPRT,FTAU2118116,Y-TSCT-2A3902.1,2A3902.1,Y-TSCT-Q04,2AA39,R321,T-TJCA5282-2 (TQ),BEIJ_0C4,CNTAO,CNTSN,NOM86,NOM20,22G1,29666,V-BEIJ_0C4-190284,2A,39,2,1,V-BEIJ_0C4,19,2,84,1
36,25-02-26 1748,UNIT_YARD_MOVE,LOAD,EXPRT,SNBU8395288,Y-TSCT-2A4206.4,2A4206.4,Y-TSCT-Q05,2AA42,R322,T-TJC67096-2 (TQ),BEIJ_0C4,PHMNL,CNTSN,NOM96,NOM40,45G1,28846,V-BEIJ_0C4-060104,2A,42,6,4,V-BEIJ_0C4,6,1,4,2
37,25-02-26 1750,UNIT_YARD_MOVE,LOAD,EXPRT,SNBU8220443,Y-TSCT-2A4206.3,2A4206.3,Y-TSCT-Q05,2AA42,R322,T-TJCE2698-2 (TQ),BEIJ_0C4,PHMNL,CNTSN,NOM96,NOM40,45G1,31093,V-BEIJ_0C4-060004,2A,42,6,3,V-BEIJ_0C4,6,0,4,2
38,25-02-26 1752,UNIT_YARD_MOVE,LOAD,EXPRT,SNBU8332720,Y-TSCT-2A4206.2,2A4206.2,Y-TSCT-Q05,2AA42,R322,T-TJCG1569-2 (TQ),BEIJ_0C4,PHMNL,CNTSN,NOM96,NOM40,45G1,30873,V-BEIJ_0C4-060204,2A,42,6,2,V-BEIJ_0C4,6,2,4,2
39,25-02-26 1756,UNIT_YARD_MOVE,LOAD,EXPRT,DFSU7784952,Y-TSCT-2A4209.4,2A4209.4,Y-TSCT-Q05,2AA42,R322,T-TJCB3706-2 (TQ),BEIJ_0C4,PHMNL,CNTSN,NOM96,NOM40,45G1,26046,V-BEIJ_0C4-060106,2A,42,9,4,V-BEIJ_0C4,6,1,6,2
40,25-02-26 1801,UNIT_YARD_MOVE,LOAD,EXPRT,BHCU4985819,Y-TSCT-2A4209.3,2A4209.3,Y-TSCT-Q05,2AA42,R322,T-TJCG1168-2 (TQ),BEIJ_0C4,PHMNL,CNTSN,NOM96,NOM40,45G1,27100,V-BEIJ_0C4-060006,2A,42,9,3,V-BEIJ_0C4,6,0,6,2
41,25-02-26 1805,UNIT_YARD_MOVE,LOAD,EXPRT,SNBU8413674,Y-TSCT-2A4209.2,2A4209.2,Y-TSCT-Q05,2AA42,R322,T-TJCH8695-2 (TQ),BEIJ_0C4,PHMNL,CNTSN,NOM96,NOM40,45G1,27050,V-BEIJ_0C4-060206,2A,42,9,2,V-BEIJ_0C4,6,2,6,2
42,25-02-26 1808,UNIT_YARD_MOVE,LOAD,EXPRT,FFAU5630520,Y-TSCT-2A4206.1,2A4206.1,Y-TSCT-Q05,2AA42,R322,T-TJC85018-2 (TQ),BEIJ_0C4,PHMNL,CNTSN,NOM96,NOM40,45G1,30873,V-BEIJ_0C4-060308,2A,42,6,1,V-BEIJ_0C4,6,3,8,2
43,25-02-26 1811,UNIT_YARD_MOVE,LOAD,EXPRT,SNBU8210070,Y-TSCT-2A4210.3,2A4210.3,Y-TSCT-Q05,2AA42,R322,T-TJCK2836-2 (TQ),BEIJ_0C4,PHMNL,CNTSN,NOM96,NOM40,45G1,29066,V-BEIJ_0C4-060408,2A,42,10,3,V-BEIJ_0C4,6,4,8,2
44,25-02-26 1906,UNIT_YARD_MOVE,LOAD,EXPRT,SNBU8231345,Y-TSCT-2A4211.3,2A4211.3,Y-TSCT-Q05,2AA42,R322,T-TJC58578-2 (TQ),BEIJ_0C4,PHMNL,CNTSN,NOM96,NOM40,45G1,29066,V-BEIJ_0C4-140308,2A,42,11,3,V-BEIJ_0C4,14,3,8,2
45,25-02-26 1909,UNIT_YARD_MOVE,LOAD,EXPRT,SNBU8224691,Y-TSCT-2A4211.2,2A4211.2,Y-TSCT-Q05,2AA42,R322,T-TJC15509-2 (TQ),BEIJ_0C4,PHMNL,CNTSN,NOM96,NOM40,45G1,31000,V-BEIJ_0C4-140408,2A,42,11,2,V-BEIJ_0C4,14,4,8,2
46,25-02-26 1913,UNIT_YARD_MOVE,LOAD,EXPRT,FFAU4717707,Y-TSCT-2A4208.3,2A4208.3,Y-TSCT-Q05,2AA42,R322,T-TJCB8185-2 (TQ),BEIJ_0C4,PHMNL,CNTSN,NOM96,NOM40,45G1,18182,V-BEIJ_0C4-060582,2A,42,8,3,V-BEIJ_0C4,6,5,82,2
47,25-02-26 1914,UNIT_YARD_MOVE,LOAD,EXPRT,SNBU8357502,Y-TSCT-2A4208.2,2A4208.2,Y-TSCT-Q05,2AA42,R322,T-TJCJ2309-2 (TQ),BEIJ_0C4,PHMNL,CNTSN,NOM96,NOM40,45G1,18190,V-BEIJ_0C4-060382,2A,42,8,2,V-BEIJ_0C4,6,3,82,2
48,25-02-26 1916,UNIT_YARD_MOVE,LOAD,EXPRT,SNBU8413870,Y-TSCT-2A4207.2,2A4207.2,Y-TSCT-Q05,2AA42,R322,T-TJC22808-2 (TQ),BEIJ_0C4,PHMNL,CNTSN,NOM96,NOM40,45G1,19200,V-BEIJ_0C4-060182,2A,42,7,2,V-BEIJ_0C4,6,1,82,2
49,25-02-26 1920,UNIT_YARD_MOVE,LOAD,EXPRT,TXGU8836994,Y-TSCT-2A4210.2,2A4210.2,Y-TSCT-Q05,2AA42,R322,T-TJCG1828-2 (TQ),BEIJ_0C4,PHMNL,CNTSN,NOM96,NOM40,45G1,31256,V-BEIJ_0C4-060082,2A,42,10,2,V-BEIJ_0C4,6,0,82,2
50,25-02-26 1923,UNIT_YARD_MOVE,LOAD,EXPRT,SNBU8360044,Y-TSCT-2A4209.1,2A4209.1,Y-TSCT-Q05,2AA42,R322,T-TJCC5176-2 (TQ),BEIJ_0C4,PHMNL,CNTSN,NOM96,NOM40,45G1,21133,V-BEIJ_0C4-060282,2A,42,9,1,V-BEIJ_0C4,6,2,82,2
51,25-02-26 1924,UNIT_YARD_MOVE,LOAD,EXPRT,WSDU4988250,Y-TSCT-2A4208.1,2A4208.1,Y-TSCT-Q05,2AA42,R322,T-TJCG1569-2 (TQ),BEIJ_0C4,PHMNL,CNTSN,NOM96,NOM40,45G1,16240,V-BEIJ_0C4-060482,2A,42,8,1,V-BEIJ_0C4,6,4,82,2
52,25-02-26 1933,UNIT_YARD_MOVE,LOAD,EXPRT,SNBU8413946,Y-TSCT-2A4207.1,2A4207.1,Y-TSCT-Q05,2AA42,R322,T-TJC08955-2 (TQ),BEIJ_0C4,PHMNL,CNTSN,NOM96,NOM40,45G1,16830,V-BEIJ_0C4-060682,2A,42,7,1,V-BEIJ_0C4,6,6,82,2
53,25-02-26 1949,UNIT_YARD_MOVE,LOAD,EXPRT,SNBU8349750,Y-TSCT-2A4205.4,2A4205.4,Y-TSCT-Q05,2AA42,R322,T-TJCK0091-2 (TQ),BEIJ_0C4,PHMNL,CNTSN,NOM96,NOM40,45G1,14401,V-BEIJ_0C4-060584,2A,42,5,4,V-BEIJ_0C4,6,5,84,2
54,25-02-26 1952,UNIT_YARD_MOVE,LOAD,EXPRT,TXGU4027760,Y-TSCT-2A4205.3,2A4205.3,Y-TSCT-Q05,2AA42,R322,T-TJCJ7373-2 (TQ),BEIJ_0C4,PHMNL,CNTSN,NOM96,NOM40,45G1,12940,V-BEIJ_0C4-060384,2A,42,5,3,V-BEIJ_0C4,6,3,84,2
55,25-02-26 1957,UNIT_YARD_MOVE,LOAD,EXPRT,SNBU8373519,Y-TSCT-2A4205.2,2A4205.2,Y-TSCT-Q05,2AA42,R321,T-TJCK0181-2 (TQ),BEIJ_0C4,PHMNL,CNTSN,NOM96,NOM40,45G1,13857,V-BEIJ_0C4-060184,2A,42,5,2,V-BEIJ_0C4,6,1,84,2
56,25-02-26 1959,UNIT_YARD_MOVE,LOAD,EXPRT,SNBU8223761,Y-TSCT-2A4205.1,2A4205.1,Y-TSCT-Q05,2AA42,R321,T-TJC70311-2 (TQ),BEIJ_0C4,PHMNL,CNTSN,NOM96,NOM40,45G1,13650,V-BEIJ_0C4-060084,2A,42,5,1,V-BEIJ_0C4,6,0,84,2
57,25-02-26 2001,UNIT_YARD_MOVE,LOAD,EXPRT,SNBU8227577,Y-TSCT-2A4204.3,2A4204.3,Y-TSCT-Q05,2AA42,R321,T-TJCG1700-2 (TQ),BEIJ_0C4,PHMNL,CNTSN,NOM96,NOM40,45G1,12926,V-BEIJ_0C4-060284,2A,42,4,3,V-BEIJ_0C4,6,2,84,2
58,25-02-26 2002,UNIT_YARD_MOVE,LOAD,EXPRT,UETU7209400,Y-TSCT-2A4204.2,2A4204.2,Y-TSCT-Q05,2AA42,R321,T-TJCG1992-2 (TQ),BEIJ_0C4,PHMNL,CNTSN,NOM96,NOM40,45G1,10644,V-BEIJ_0C4-060484,2A,42,4,2,V-BEIJ_0C4,6,4,84,2
59,25-02-26 2005,UNIT_YARD_MOVE,LOAD,EXPRT,CAIU7061801,Y-TSCT-2A4204.1,2A4204.1,Y-TSCT-Q05,2AA42,R322,T-TJCG1039-2 (TQ),BEIJ_0C4,PHMNL,CNTSN,NOM96,NOM40,45G1,13170,V-BEIJ_0C4-060684,2A,42,4,1,V-BEIJ_0C4,6,6,84,2
60,25-02-26 2142,UNIT_YARD_MOVE,LOAD,EXPRT,SNBU8229733,Y-TSCT-2A4202.3,2A4202.3,Y-TSCT-Q04,2AA42,R321,T-SDUW6725-2 (TQ),BEIJ_0C4,PHMNL,CNTSN,NOM96,NOM40,45G1,31093,V-BEIJ_0C4-180206,2A,42,2,3,V-BEIJ_0C4,18,2,6,2
61,25-02-26 2147,UNIT_YARD_MOVE,LOAD,EXPRT,WSDU4987269,Y-TSCT-2A4202.1,2A4202.1,Y-TSCT-Q04,2AA42,R321,T-TJCE2975-2 (TQ),BEIJ_0C4,PHMNL,CNTSN,NOM96,NOM40,45G1,30913,V-BEIJ_0C4-180606,2A,42,2,1,V-BEIJ_0C4,18,6,6,2
62,25-02-26 2236,UNIT_YARD_MOVE,LOAD,EXPRT,UETU6976603,Y-TSCT-2A4201.1,2A4201.1,Y-TSCT-Q04,2AA42,R321,T-TJCG1215-2 (TQ),BEIJ_0C4,PHMNL,CNTSN,NOM96,NOM40,45G1,29100,V-BEIJ_0C4-140582,2A,42,1,1,V-BEIJ_0C4,14,5,82,2
63,25-02-26 2304,UNIT_YARD_MOVE,LOAD,EXPRT,SNBU8465106,Y-TSCT-2A4203.3,2A4203.3,Y-TSCT-Q04,2AA42,R322,T-TJCG1992-2 (TQ),BEIJ_0C4,PHMNL,CNTSN,NOM96,NOM40,45G1,11342,V-BEIJ_0C4-140184,2A,42,3,3,V-BEIJ_0C4,14,1,84,2
64,25-02-26 2306,UNIT_YARD_MOVE,LOAD,EXPRT,SNBU8297609,Y-TSCT-2A4203.2,2A4203.2,Y-TSCT-Q04,2AA42,R322,T-TJCC2532-2 (TQ),BEIJ_0C4,PHMNL,CNTSN,NOM96,NOM40,45G1,10721,V-BEIJ_0C4-140084,2A,42,3,2,V-BEIJ_0C4,14,0,84,2
65,25-02-26 2308,UNIT_YARD_MOVE,LOAD,EXPRT,SNBU8224428,Y-TSCT-2A4203.1,2A4203.1,Y-TSCT-Q04,2AA42,R322,T-TJCK0273-2 (TQ),BEIJ_0C4,PHMNL,CNTSN,NOM96,NOM40,45G1,12353,V-BEIJ_0C4-140484,2A,42,3,1,V-BEIJ_0C4,14,4,84,2
66,25-02-26 2318,UNIT_YARD_MOVE,LOAD,EXPRT,SNBU8376288,Y-TSCT-2A4210.1,2A4210.1,Y-TSCT-Q04,2AA42,R322,T-TJC56601-2 (TQ),BEIJ_0C4,PHMNL,CNTSN,NOM96,NOM40,45G1,29100,V-BEIJ_0C4-220282,2A,42,10,1,V-BEIJ_0C4,22,2,82,2
67,25-02-26 1843,UNIT_YARD_MOVE,LOAD,EXPRT,BSIU9879520,Y-TSCT-2A7211.3,2A7211.3,Y-TSCT-Q05,2AA72,R321,T-TJCK2382-2 (TQ),BEIJ_0C4,PHMNL,CNTSN,NOM96,NOM40,45G1,32277,V-BEIJ_0C4-140102,2A,72,11,3,V-BEIJ_0C4,14,1,2,2
68,25-02-26 1846,UNIT_YARD_MOVE,LOAD,EXPRT,SNBU8300765,Y-TSCT-2A7211.2,2A7211.2,Y-TSCT-Q05,2AA72,R321,T-TJCK6307-2 (TQ),BEIJ_0C4,PHMNL,CNTSN,NOM96,NOM40,45G1,32207,V-BEIJ_0C4-140002,2A,72,11,2,V-BEIJ_0C4,14,0,2,2
69,25-02-26 1847,UNIT_YARD_MOVE,LOAD,EXPRT,SNBU8371809,Y-TSCT-2A7211.1,2A7211.1,Y-TSCT-Q05,2AA72,R321,T-TJCK6582-2 (TQ),BEIJ_0C4,PHMNL,CNTSN,NOM96,NOM40,45G1,32039,V-BEIJ_0C4-140202,2A,72,11,1,V-BEIJ_0C4,14,2,2,2
70,25-02-26 1849,UNIT_YARD_MOVE,LOAD,EXPRT,SNBU8255706,Y-TSCT-2A7210.2,2A7210.2,Y-TSCT-Q05,2AA72,R321,T-HBJY3522-2 (TQ),BEIJ_0C4,PHMNL,CNTSN,NOM96,NOM40,45G1,31920,V-BEIJ_0C4-140104,2A,72,10,2,V-BEIJ_0C4,14,1,4,2
71,25-02-26 1851,UNIT_YARD_MOVE,LOAD,EXPRT,SNBU8222889,Y-TSCT-2A7210.1,2A7210.1,Y-TSCT-Q05,2AA72,R321,T-TJCK6323-2 (TQ),BEIJ_0C4,PHMNL,CNTSN,NOM96,NOM40,45G1,32495,V-BEIJ_0C4-140004,2A,72,10,1,V-BEIJ_0C4,14,0,4,2
72,25-02-26 1854,UNIT_YARD_MOVE,LOAD,EXPRT,SNBU8282580,Y-TSCT-2A7209.3,2A7209.3,Y-TSCT-Q05,2AA72,R321,T-SDUW6725-2 (TQ),BEIJ_0C4,PHMNL,CNTSN,NOM96,NOM40,45G1,29106,V-BEIJ_0C4-140204,2A,72,9,3,V-BEIJ_0C4,14,2,4,2
73,25-02-26 1859,UNIT_YARD_MOVE,LOAD,EXPRT,FCIU7307405,Y-TSCT-2A7209.1,2A7209.1,Y-TSCT-Q05,2AA72,R321,T-TJCE0790-2 (TQ),BEIJ_0C4,PHMNL,CNTSN,NOM96,NOM40,45G1,28846,V-BEIJ_0C4-140006,2A,72,9,1,V-BEIJ_0C4,14,0,6,2
74,25-02-26 1902,UNIT_YARD_MOVE,LOAD,EXPRT,SNBU8234920,Y-TSCT-2A7206.1,2A7206.1,Y-TSCT-Q05,2AA72,R321,T-TJC79525-2 (TQ),BEIJ_0C4,PHMNL,CNTSN,NOM96,NOM40,45G1,15690,V-BEIJ_0C4-140206,2A,72,6,1,V-BEIJ_0C4,14,2,6,2
75,25-02-26 1904,UNIT_YARD_MOVE,LOAD,EXPRT,SNBU8332947,Y-TSCT-2A7208.2,2A7208.2,Y-TSCT-Q05,2AA72,R321,T-TJC30286-2 (TQ),BEIJ_0C4,PHMNL,CNTSN,NOM96,NOM40,45G1,14450,V-BEIJ_0C4-140508,2A,72,8,2,V-BEIJ_0C4,14,5,8,2
76,25-02-26 1911,UNIT_YARD_MOVE,LOAD,EXPRT,SNBU8376740,Y-TSCT-2A7208.1,2A7208.1,Y-TSCT-Q05,2AA72,R321,T-TJCG1020-2 (TQ),BEIJ_0C4,PHMNL,CNTSN,NOM96,NOM40,45G1,14600,V-BEIJ_0C4-140608,2A,72,8,1,V-BEIJ_0C4,14,6,8,2
77,25-02-26 2253,UNIT_YARD_MOVE,LOAD,EXPRT,SNBU8378038,Y-TSCT-2A7204.1,2A7204.1,Y-TSCT-Q04,2AA72,R321,T-HBGD9910-2 (TQ),BEIJ_0C4,PHMNL,CNTSN,NOM96,NOM40,45G1,29100,V-BEIJ_0C4-140882,2A,72,4,1,V-BEIJ_0C4,14,8,82,2
78,25-02-26 2304,UNIT_YARD_MOVE,LOAD,EXPRT,SNBU8386239,Y-TSCT-2A7205.1,2A7205.1,Y-TSCT-Q04,2AA72,R321,T-HBGN7978-2 (TQ),BEIJ_0C4,PHMNL,CNTSN,NOM96,NOM40,45G1,29100,V-BEIJ_0C4-140284,2A,72,5,1,V-BEIJ_0C4,14,2,84,2
79,25-02-26 2308,UNIT_YARD_MOVE,LOAD,EXPRT,FSCU7093766,Y-TSCT-2A7207.1,2A7207.1,Y-TSCT-Q04,2AA72,R321,T-HBD7M383-2 (TQ),BEIJ_0C4,PHMNL,CNTSN,NOM96,NOM40,45G1,9846,V-BEIJ_0C4-140684,2A,72,7,1,V-BEIJ_0C4,14,6,84,2
80,25-02-26 1714,UNIT_YARD_MOVE,LOAD,EXPRT,SNBU2250857,Y-TSCT-2A7508.1,2A7508.1,Y-TSCT-Q05,2AA75,R321,T-TJCC5970-2 (TQ),BEIJ_0C4,PHMNL,CNTSN,NOM86,NOM20,22G1,28132,V-BEIJ_0C4-070404,2A,75,8,1,V-BEIJ_0C4,7,4,4,2
81,25-02-26 1815,UNIT_YARD_MOVE,LOAD,EXPRT,SNBU2436353,Y-TSCT-2A7510.4,2A7510.4,Y-TSCT-Q05,2AA75,R321,T-TJC09160-2 (TQ),BEIJ_0C4,PHMNL,CNTSN,NOM86,NOM20,22G1,30100,V-BEIJ_0C4-130302,2A,75,10,4,V-BEIJ_0C4,13,3,2,2
82,25-02-26 1817,UNIT_YARD_MOVE,LOAD,EXPRT,HPCU2384894,Y-TSCT-2A7510.3,2A7510.3,Y-TSCT-Q05,2AA75,R321,T-TJC55285-2 (TQ),BEIJ_0C4,PHMNL,CNTSN,NOM86,NOM20,22G1,28879,V-BEIJ_0C4-150302,2A,75,10,3,V-BEIJ_0C4,15,3,2,2
83,25-02-26 1822,UNIT_YARD_MOVE,LOAD,EXPRT,SNBU2330192,Y-TSCT-2A7511.2,2A7511.2,Y-TSCT-Q05,2AA75,R321,T-TJCD0867-3 (TQ),BEIJ_0C4,PHMNL,CNTSN,NOM86,NOM20,22G1,30100,V-BEIJ_0C4-130602,2A,75,11,2,V-BEIJ_0C4,13,6,2,2
84,25-02-26 1824,UNIT_YARD_MOVE,LOAD,EXPRT,FTAU2045920,Y-TSCT-2A7510.2,2A7510.2,Y-TSCT-Q05,2AA75,R321,T-TJC09160-2 (TQ),BEIJ_0C4,PHMNL,CNTSN,NOM86,NOM20,22G1,30185,V-BEIJ_0C4-150602,2A,75,10,2,V-BEIJ_0C4,15,6,2,2
85,25-02-26 1830,UNIT_YARD_MOVE,LOAD,EXPRT,FTAU2046145,Y-TSCT-2A7510.1,2A7510.1,Y-TSCT-Q05,2AA75,R321,T-TJC97003-3 (TQ),BEIJ_0C4,PHMNL,CNTSN,NOM86,NOM20,22G1,30100,V-BEIJ_0C4-130604,2A,75,10,1,V-BEIJ_0C4,13,6,4,2
86,25-02-26 1832,UNIT_YARD_MOVE,LOAD,EXPRT,FCIU5571194,Y-TSCT-2A7509.1,2A7509.1,Y-TSCT-Q05,2AA75,R321,T-TJC67257-2 (TQ),BEIJ_0C4,PHMNL,CNTSN,NOM86,NOM20,22G1,28649,V-BEIJ_0C4-150604,2A,75,9,1,V-BEIJ_0C4,15,6,4,2
87,25-02-26 1727,UNIT_YARD_MOVE,LOAD,EXPRT,HPCU2389962,Y-TSCT-5A2908.4,5A2908.4,Y-TSCT-Q05,5AA29,R352,T-TJCA5036-2 (TQ),BEIJ_0C4,PHMNL,CNTSN,NOM86,NOM20,22G1,22527,V-BEIJ_0C4-050102,5A,29,8,4,V-BEIJ_0C4,5,1,2,0
88,25-02-26 1729,UNIT_YARD_MOVE,LOAD,EXPRT,UETU3022598,Y-TSCT-5A2908.3,5A2908.3,Y-TSCT-Q05,5AA29,R352,T-TJCH8969-2 (TQ),BEIJ_0C4,PHMNL,CNTSN,NOM86,NOM20,22G1,22447,V-BEIJ_0C4-070102,5A,29,8,3,V-BEIJ_0C4,7,1,2,0
89,25-02-26 1739,UNIT_YARD_MOVE,LOAD,EXPRT,FTAU2028115,Y-TSCT-5A2908.2,5A2908.2,Y-TSCT-Q05,5AA29,R352,T-TJC91060-2 (TQ),BEIJ_0C4,PHMNL,CNTSN,NOM86,NOM20,22G1,22407,V-BEIJ_0C4-050202,5A,29,8,2,V-BEIJ_0C4,5,2,2,0
90,25-02-26 1741,UNIT_YARD_MOVE,LOAD,EXPRT,FCIU5699360,Y-TSCT-5A2908.1,5A2908.1,Y-TSCT-Q05,5AA29,R352,T-TJC91628-2 (TQ),BEIJ_0C4,PHMNL,CNTSN,NOM86,NOM20,22G1,22487,V-BEIJ_0C4-070202,5A,29,8,1,V-BEIJ_0C4,7,2,2,0
91,25-02-26 1742,UNIT_YARD_MOVE,LOAD,EXPRT,SNBU2295810,Y-TSCT-5A2911.2,5A2911.2,Y-TSCT-Q05,5AA29,R352,T-TJCG1533-2 (TQ),BEIJ_0C4,PHMNL,CNTSN,NOM86,NOM20,22G1,7831,V-BEIJ_0C4-050406,5A,29,11,2,V-BEIJ_0C4,5,4,6,0
92,25-02-26 1744,UNIT_YARD_MOVE,LOAD,EXPRT,SNBU2282480,Y-TSCT-5A2911.1,5A2911.1,Y-TSCT-Q05,5AA29,R352,T-TJC87026-3 (TQ),BEIJ_0C4,PHMNL,CNTSN,NOM86,NOM20,22G1,5990,V-BEIJ_0C4-070406,5A,29,11,1,V-BEIJ_0C4,7,4,6,0
93,25-02-26 1816,UNIT_YARD_MOVE,LOAD,EXPRT,SNCU2917753,Y-TSCT-5A2907.4,5A2907.4,Y-TSCT-Q04,5AA29,R352,T-TJCD0078-3 (TQ),BEIJ_0C4,PHMNL,CNTSN,NOM86,NOM20,22G1,29185,V-BEIJ_0C4-210602,5A,29,7,4,V-BEIJ_0C4,21,6,2,0
94,25-02-26 1818,UNIT_YARD_MOVE,LOAD,EXPRT,FTAU2119370,Y-TSCT-5A2910.5,5A2910.5,Y-TSCT-Q05,5AA29,R352,T-HBJY3522-2 (TQ),BEIJ_0C4,PHMNL,CNTSN,NOM86,NOM20,22G1,30100,V-BEIJ_0C4-130502,5A,29,10,5,V-BEIJ_0C4,13,5,2,0
95,25-02-26 1821,UNIT_YARD_MOVE,LOAD,EXPRT,SNBU2353264,Y-TSCT-5A2910.4,5A2910.4,Y-TSCT-Q05,5AA29,R352,T-TJCG7661-2 (TQ),BEIJ_0C4,PHMNL,CNTSN,NOM86,NOM20,22G1,30400,V-BEIJ_0C4-150502,5A,29,10,4,V-BEIJ_0C4,15,5,2,0
96,25-02-26 1823,UNIT_YARD_MOVE,LOAD,EXPRT,SNBU2375638,Y-TSCT-5A2906.5,5A2906.5,Y-TSCT-Q04,5AA29,R352,T-TJCA9919-2 (TQ),BEIJ_0C4,PHMNL,CNTSN,NOM86,NOM20,22G1,30100,V-BEIJ_0C4-210102,5A,29,6,5,V-BEIJ_0C4,21,1,2,0
97,25-02-26 1824,UNIT_YARD_MOVE,LOAD,EXPRT,SNBU2288873,Y-TSCT-5A2906.4,5A2906.4,Y-TSCT-Q04,5AA29,R352,T-HBJY3522-2 (TQ),BEIJ_0C4,PHMNL,CNTSN,NOM86,NOM20,22G1,30185,V-BEIJ_0C4-230102,5A,29,6,4,V-BEIJ_0C4,23,1,2,0
98,25-02-26 1828,UNIT_YARD_MOVE,LOAD,EXPRT,SNBU2366092,Y-TSCT-5A2910.2,5A2910.2,Y-TSCT-Q05,5AA29,R352,T-TJCD0078-3 (TQ),BEIJ_0C4,PHMNL,CNTSN,NOM86,NOM20,22G1,30100,V-BEIJ_0C4-150402,5A,29,10,2,V-BEIJ_0C4,15,4,2,0
99,25-02-26 1832,UNIT_YARD_MOVE,LOAD,EXPRT,UETU2621293,Y-TSCT-5A2909.5,5A2909.5,Y-TSCT-Q05,5AA29,R352,T-TJC57731-2 (TQ),BEIJ_0C4,PHMNL,CNTSN,NOM86,NOM20,22G1,22447,V-BEIJ_0C4-150504,5A,29,9,5,V-BEIJ_0C4,15,5,4,0
100,25-02-26 1834,UNIT_YARD_MOVE,LOAD,EXPRT,SNCU2945713,Y-TSCT-5A2907.3,5A2907.3,Y-TSCT-Q04,5AA29,R352,T-TJCD0717-3 (TQ),BEIJ_0C4,PHMNL,CNTSN,NOM86,NOM20,22G1,29130,V-BEIJ_0C4-210402,5A,29,7,3,V-BEIJ_0C4,21,4,2,0
101,25-02-26 1838,UNIT_YARD_MOVE,LOAD,EXPRT,SNBU2351723,Y-TSCT-5A2909.4,5A2909.4,Y-TSCT-Q05,5AA29,R352,T-TJC91129-2 (TQ),BEIJ_0C4,PHMNL,CNTSN,NOM86,NOM20,22G1,22407,V-BEIJ_0C4-130404,5A,29,9,4,V-BEIJ_0C4,13,4,4,0
102,25-02-26 1840,UNIT_YARD_MOVE,LOAD,EXPRT,SNBU2258518,Y-TSCT-5A2909.3,5A2909.3,Y-TSCT-Q05,5AA29,R352,T-BJANH038-2 (TQ),BEIJ_0C4,PHMNL,CNTSN,NOM86,NOM20,22G1,22492,V-BEIJ_0C4-150404,5A,29,9,3,V-BEIJ_0C4,15,4,4,0
103,25-02-26 1842,UNIT_YARD_MOVE,LOAD,EXPRT,SNBU2257023,Y-TSCT-5A2906.3,5A2906.3,Y-TSCT-Q04,5AA29,R352,T-TJCD0201-3 (TQ),BEIJ_0C4,PHMNL,CNTSN,NOM86,NOM20,22G1,29185,V-BEIJ_0C4-210504,5A,29,6,3,V-BEIJ_0C4,21,5,4,0
104,25-02-26 1844,UNIT_YARD_MOVE,LOAD,EXPRT,SNBU2365162,Y-TSCT-5A2906.2,5A2906.2,Y-TSCT-Q04,5AA29,R352,T-TJCD0196-3 (TQ),BEIJ_0C4,PHMNL,CNTSN,NOM86,NOM20,22G1,29100,V-BEIJ_0C4-230504,5A,29,6,2,V-BEIJ_0C4,23,5,4,0
105,25-02-26 1846,UNIT_YARD_MOVE,LOAD,EXPRT,SNCU2901607,Y-TSCT-5A2907.1,5A2907.1,Y-TSCT-Q04,5AA29,R352,T-TJCD0715-1 (TQ),BEIJ_0C4,PHMNL,CNTSN,NOM86,NOM20,22G1,29185,V-BEIJ_0C4-210604,5A,29,7,1,V-BEIJ_0C4,21,6,4,0
106,25-02-26 1848,UNIT_YARD_MOVE,LOAD,EXPRT,SNBU2279233,Y-TSCT-5A2906.1,5A2906.1,Y-TSCT-Q04,5AA29,R352,T-TJCD0867-3 (TQ),BEIJ_0C4,PHMNL,CNTSN,NOM86,NOM20,22G1,29140,V-BEIJ_0C4-230604,5A,29,6,1,V-BEIJ_0C4,23,6,4,0
107,25-02-26 1859,UNIT_YARD_MOVE,LOAD,EXPRT,SNBU2363853,Y-TSCT-5A2909.2,5A2909.2,Y-TSCT-Q05,5AA29,R352,T-TJCD5965-2 (TQ),BEIJ_0C4,PHMNL,CNTSN,NOM86,NOM20,22G1,22407,V-BEIJ_0C4-130506,5A,29,9,2,V-BEIJ_0C4,13,5,6,0
108,25-02-26 1901,UNIT_YARD_MOVE,LOAD,EXPRT,SNCU2902943,Y-TSCT-5A2909.1,5A2909.1,Y-TSCT-Q05,5AA29,R352,T-TJCB8627-2 (TQ),BEIJ_0C4,PHMNL,CNTSN,NOM86,NOM20,22G1,22492,V-BEIJ_0C4-150506,5A,29,9,1,V-BEIJ_0C4,15,5,6,0
109,25-02-26 1907,UNIT_YARD_MOVE,LOAD,EXPRT,SLPU2011529,Y-TSCT-5A2904.2,5A2904.2,Y-TSCT-Q05,5AA29,R352,T-BJANH038-2 (TQ),BEIJ_0C4,PHMNL,CNTSN,NOM86,NOM20,22G1,22437,V-BEIJ_0C4-130406,5A,29,4,2,V-BEIJ_0C4,13,4,6,0
110,25-02-26 1909,UNIT_YARD_MOVE,LOAD,EXPRT,FCIU6202971,Y-TSCT-5A2904.1,5A2904.1,Y-TSCT-Q05,5AA29,R352,T-TJC91778-2 (TQ),BEIJ_0C4,PHMNL,CNTSN,NOM86,NOM20,22G1,22407,V-BEIJ_0C4-150406,5A,29,4,1,V-BEIJ_0C4,15,4,6,0
111,25-02-26 2101,UNIT_YARD_MOVE,LOAD,EXPRT,SNBU2252844,Y-TSCT-5A2905.5,5A2905.5,Y-TSCT-Q04,5AA29,R352,T-TJCA9919-2 (TQ),BEIJ_0C4,PHMNL,CNTSN,NOM86,NOM20,22G1,30220,V-BEIJ_0C4-170502,5A,29,5,5,V-BEIJ_0C4,17,5,2,0
112,25-02-26 2103,UNIT_YARD_MOVE,LOAD,EXPRT,SNBU2337638,Y-TSCT-5A2905.4,5A2905.4,Y-TSCT-Q04,5AA29,R352,T-TJC09160-2 (TQ),BEIJ_0C4,PHMNL,CNTSN,NOM86,NOM20,22G1,30100,V-BEIJ_0C4-190502,5A,29,5,4,V-BEIJ_0C4,19,5,2,0
113,25-02-26 2113,UNIT_YARD_MOVE,LOAD,EXPRT,SNBU2437128,Y-TSCT-5A2905.3,5A2905.3,Y-TSCT-Q04,5AA29,R351,T-TJCA9919-2 (TQ),BEIJ_0C4,PHMNL,CNTSN,NOM86,NOM20,22G1,30100,V-BEIJ_0C4-170202,5A,29,5,3,V-BEIJ_0C4,17,2,2,0
114,25-02-26 2115,UNIT_YARD_MOVE,LOAD,EXPRT,SNCU2926354,Y-TSCT-5A2905.2,5A2905.2,Y-TSCT-Q04,5AA29,R351,T-TJCD0715-1 (TQ),BEIJ_0C4,PHMNL,CNTSN,NOM86,NOM20,22G1,29185,V-BEIJ_0C4-190202,5A,29,5,2,V-BEIJ_0C4,19,2,2,0
115,25-02-26 2117,UNIT_YARD_MOVE,LOAD,EXPRT,SNBU2366277,Y-TSCT-5A2902.2,5A2902.2,Y-TSCT-Q04,5AA29,R351,T-HBJY3522-2 (TQ),BEIJ_0C4,PHMNL,CNTSN,NOM86,NOM20,22G1,30100,V-BEIJ_0C4-170102,5A,29,2,2,V-BEIJ_0C4,17,1,2,0
116,25-02-26 2122,UNIT_YARD_MOVE,LOAD,EXPRT,FCIU6204830,Y-TSCT-5A2905.1,5A2905.1,Y-TSCT-Q04,5AA29,R351,T-TJCD0196-3 (TQ),BEIJ_0C4,PHMNL,CNTSN,NOM86,NOM20,22G1,29100,V-BEIJ_0C4-170602,5A,29,5,1,V-BEIJ_0C4,17,6,2,0
117,25-02-26 2124,UNIT_YARD_MOVE,LOAD,EXPRT,SNBU2397004,Y-TSCT-5A2903.1,5A2903.1,Y-TSCT-Q04,5AA29,R351,T-TJC08955-2 (TQ),BEIJ_0C4,PHMNL,CNTSN,NOM86,NOM20,22G1,28235,V-BEIJ_0C4-190602,5A,29,3,1,V-BEIJ_0C4,19,6,2,0
118,25-02-26 1737,UNIT_YARD_MOVE,LOAD,EXPRT,SNBU8414095,Y-TSCT-5A3408.4,5A3408.4,Y-TSCT-Q03,5AA34,R352,T-TJCA1605-2 (TQ),BEIJ_0C4,PHMNL,CNTSN,NOM96,NOM40,45G1,9150,V-BEIJ_0C4-300382,5A,34,8,4,V-BEIJ_0C4,30,3,82,0
119,25-02-26 1802,UNIT_YARD_MOVE,LOAD,EXPRT,SNBU8224372,Y-TSCT-5A3408.3,5A3408.3,Y-TSCT-Q03,5AA34,R352,T-TJCK6067-2 (TQ),BEIJ_0C4,PHMNL,CNTSN,NOM96,NOM40,45G1,11180,V-BEIJ_0C4-300182,5A,34,8,3,V-BEIJ_0C4,30,1,82,0
120,25-02-26 1808,UNIT_YARD_MOVE,LOAD,EXPRT,SNBU8191520,Y-TSCT-5A3403.4,5A3403.4,Y-TSCT-Q03,5AA34,R352,T-TJCG8068-2 (TQ),BEIJ_0C4,PHMNL,CNTSN,NOM96,NOM40,45G1,31770,V-BEIJ_0C4-300082,5A,34,3,4,V-BEIJ_0C4,30,0,82,0
121,25-02-26 1809,UNIT_YARD_MOVE,LOAD,EXPRT,SNBU8302840,Y-TSCT-5A3408.2,5A3408.2,Y-TSCT-Q03,5AA34,R352,T-HBES6621-2 (TQ),BEIJ_0C4,PHMNL,CNTSN,NOM96,NOM40,45G1,9620,V-BEIJ_0C4-300282,5A,34,8,2,V-BEIJ_0C4,30,2,82,0
122,25-02-26 1811,UNIT_YARD_MOVE,LOAD,EXPRT,SNBU8206044,Y-TSCT-5A3408.1,5A3408.1,Y-TSCT-Q03,5AA34,R352,T-TJCG1298-2 (TQ),BEIJ_0C4,PHMNL,CNTSN,NOM96,NOM40,45G1,10900,V-BEIJ_0C4-300482,5A,34,8,1,V-BEIJ_0C4,30,4,82,0
123,25-02-26 1850,UNIT_YARD_MOVE,LOAD,EXPRT,SNBU8338246,Y-TSCT-5A3410.5,5A3410.5,Y-TSCT-Q04,5AA34,R352,T-TJCB9837-2 (TQ),BEIJ_0C4,PHMNL,CNTSN,NOM96,NOM40,45G1,28420,V-BEIJ_0C4-220002,5A,34,10,5,V-BEIJ_0C4,22,0,2,0
124,25-02-26 1851,UNIT_YARD_MOVE,LOAD,EXPRT,SNBU8357797,Y-TSCT-5A3410.4,5A3410.4,Y-TSCT-Q04,5AA34,R352,T-TJC55569-2 (TQ),BEIJ_0C4,PHMNL,CNTSN,NOM96,NOM40,45G1,28420,V-BEIJ_0C4-220304,5A,34,10,4,V-BEIJ_0C4,22,3,4,0
125,25-02-26 1853,UNIT_YARD_MOVE,LOAD,EXPRT,FCIU7295979,Y-TSCT-5A3410.3,5A3410.3,Y-TSCT-Q04,5AA34,R352,T-HBFU2713-2 (TQ),BEIJ_0C4,PHMNL,CNTSN,NOM96,NOM40,45G1,29100,V-BEIJ_0C4-220104,5A,34,10,3,V-BEIJ_0C4,22,1,4,0
126,25-02-26 1855,UNIT_YARD_MOVE,LOAD,EXPRT,UETU5592748,Y-TSCT-5A3410.2,5A3410.2,Y-TSCT-Q04,5AA34,R352,T-HBFN6679-2 (TQ),BEIJ_0C4,PHMNL,CNTSN,NOM96,NOM40,45G1,29100,V-BEIJ_0C4-220004,5A,34,10,2,V-BEIJ_0C4,22,0,4,0
127,25-02-26 1857,UNIT_YARD_MOVE,LOAD,EXPRT,SNBU8331874,Y-TSCT-5A3410.1,5A3410.1,Y-TSCT-Q04,5AA34,R352,T-HBFS7495-2 (TQ),BEIJ_0C4,PHMNL,CNTSN,NOM96,NOM40,45G1,29100,V-BEIJ_0C4-220204,5A,34,10,1,V-BEIJ_0C4,22,2,4,0
128,25-02-26 1903,UNIT_YARD_MOVE,LOAD,EXPRT,SNBU8299793,Y-TSCT-5A3409.5,5A3409.5,Y-TSCT-Q04,5AA34,R352,T-TJCD1522-2 (TQ),BEIJ_0C4,PHMNL,CNTSN,NOM96,NOM40,45G1,30490,V-BEIJ_0C4-220404,5A,34,9,5,V-BEIJ_0C4,22,4,4,0
129,25-02-26 1905,UNIT_YARD_MOVE,LOAD,EXPRT,SNBU8299068,Y-TSCT-5A3409.4,5A3409.4,Y-TSCT-Q04,5AA34,R352,T-TJC59935-2 (TQ),BEIJ_0C4,PHMNL,CNTSN,NOM96,NOM40,45G1,29630,V-BEIJ_0C4-220306,5A,34,9,4,V-BEIJ_0C4,22,3,6,0
130,25-02-26 1911,UNIT_YARD_MOVE,LOAD,EXPRT,SNBU8192824,Y-TSCT-5A3409.3,5A3409.3,Y-TSCT-Q04,5AA34,R352,T-TJCJ7091-2 (TQ),BEIJ_0C4,PHMNL,CNTSN,NOM96,NOM40,45G1,30320,V-BEIJ_0C4-220106,5A,34,9,3,V-BEIJ_0C4,22,1,6,0
131,25-02-26 1913,UNIT_YARD_MOVE,LOAD,EXPRT,TIIU6310836,Y-TSCT-5A3409.2,5A3409.2,Y-TSCT-Q04,5AA34,R352,T-TJCF1356-2 (TQ),BEIJ_0C4,PHMNL,CNTSN,NOM96,NOM40,45G1,31550,V-BEIJ_0C4-220006,5A,34,9,2,V-BEIJ_0C4,22,0,6,0
132,25-02-26 1914,UNIT_YARD_MOVE,LOAD,EXPRT,TIIU6310590,Y-TSCT-5A3409.1,5A3409.1,Y-TSCT-Q04,5AA34,R352,T-HBFU4752-2 (TQ),BEIJ_0C4,PHMNL,CNTSN,NOM96,NOM40,45G1,30820,V-BEIJ_0C4-220206,5A,34,9,1,V-BEIJ_0C4,22,2,6,0
133,25-02-26 1916,UNIT_YARD_MOVE,LOAD,EXPRT,FCIU7237843,Y-TSCT-5A3411.4,5A3411.4,Y-TSCT-Q04,5AA34,R352,T-TJC79590-2 (TQ),BEIJ_0C4,PHMNL,CNTSN,NOM96,NOM40,45G1,28420,V-BEIJ_0C4-220406,5A,34,11,4,V-BEIJ_0C4,22,4,6,0
134,25-02-26 1917,UNIT_YARD_MOVE,LOAD,EXPRT,TXGU8950369,Y-TSCT-5A3411.3,5A3411.3,Y-TSCT-Q04,5AA34,R352,T-HBFN6677-2 (TQ),BEIJ_0C4,PHMNL,CNTSN,NOM96,NOM40,45G1,29100,V-BEIJ_0C4-220508,5A,34,11,3,V-BEIJ_0C4,22,5,8,0
135,25-02-26 1919,UNIT_YARD_MOVE,LOAD,EXPRT,UETU5658980,Y-TSCT-5A3411.2,5A3411.2,Y-TSCT-Q04,5AA34,R352,T-HBFP0471-2 (TQ),BEIJ_0C4,PHMNL,CNTSN,NOM96,NOM40,45G1,29100,V-BEIJ_0C4-220608,5A,34,11,2,V-BEIJ_0C4,22,6,8,0
136,25-02-26 2125,UNIT_YARD_MOVE,LOAD,EXPRT,SNBU8332398,Y-TSCT-5A3404.5,5A3404.5,Y-TSCT-Q04,5AA34,R351,T-TJCK6697-2 (TQ),BEIJ_0C4,PHMNL,CNTSN,NOM96,NOM40,45G1,32338,V-BEIJ_0C4-180504,5A,34,4,5,V-BEIJ_0C4,18,5,4,0
137,25-02-26 2127,UNIT_YARD_MOVE,LOAD,EXPRT,TEMU8470428,Y-TSCT-5A3404.4,5A3404.4,Y-TSCT-Q04,5AA34,R351,T-TJCK6806-2 (TQ),BEIJ_0C4,PHMNL,CNTSN,NOM96,NOM40,45G1,32283,V-BEIJ_0C4-180304,5A,34,4,4,V-BEIJ_0C4,18,3,4,0
138,25-02-26 2129,UNIT_YARD_MOVE,LOAD,EXPRT,SNBU8338776,Y-TSCT-5A3404.3,5A3404.3,Y-TSCT-Q04,5AA34,R351,T-TJCK6083-2 (TQ),BEIJ_0C4,PHMNL,CNTSN,NOM96,NOM40,45G1,32093,V-BEIJ_0C4-180104,5A,34,4,3,V-BEIJ_0C4,18,1,4,0
139,25-02-26 2131,UNIT_YARD_MOVE,LOAD,EXPRT,BEAU6393854,Y-TSCT-5A3404.2,5A3404.2,Y-TSCT-Q04,5AA34,R351,T-TJCB2077-2 (TQ),BEIJ_0C4,PHMNL,CNTSN,NOM96,NOM40,45G1,31940,V-BEIJ_0C4-180004,5A,34,4,2,V-BEIJ_0C4,18,0,4,0
140,25-02-26 2133,UNIT_YARD_MOVE,LOAD,EXPRT,CAAU8769876,Y-TSCT-5A3404.1,5A3404.1,Y-TSCT-Q04,5AA34,R351,T-TJCG8198-2 (TQ),BEIJ_0C4,PHMNL,CNTSN,NOM96,NOM40,45G1,31940,V-BEIJ_0C4-180204,5A,34,4,1,V-BEIJ_0C4,18,2,4,0
141,25-02-26 2135,UNIT_YARD_MOVE,LOAD,EXPRT,SNBU8241359,Y-TSCT-5A3403.3,5A3403.3,Y-TSCT-Q04,5AA34,R351,T-TJCB3706-2 (TQ),BEIJ_0C4,PHMNL,CNTSN,NOM96,NOM40,45G1,30720,V-BEIJ_0C4-180404,5A,34,3,3,V-BEIJ_0C4,18,4,4,0
142,25-02-26 2136,UNIT_YARD_MOVE,LOAD,EXPRT,WSDU4982930,Y-TSCT-5A3403.2,5A3403.2,Y-TSCT-Q04,5AA34,R351,T-TJCK6067-2 (TQ),BEIJ_0C4,PHMNL,CNTSN,NOM96,NOM40,45G1,30433,V-BEIJ_0C4-180604,5A,34,3,2,V-BEIJ_0C4,18,6,4,0
143,25-02-26 2139,UNIT_YARD_MOVE,LOAD,EXPRT,SNBU8388669,Y-TSCT-5A3403.1,5A3403.1,Y-TSCT-Q04,5AA34,R351,T-TJCD3561-2 (TQ),BEIJ_0C4,PHMNL,CNTSN,NOM96,NOM40,45G1,29100,V-BEIJ_0C4-180506,5A,34,3,1,V-BEIJ_0C4,18,5,6,0
144,25-02-26 2146,UNIT_YARD_MOVE,LOAD,EXPRT,TIIU6116097,Y-TSCT-5A3402.3,5A3402.3,Y-TSCT-Q04,5AA34,R351,T-HBJ8T672-2 (TQ),BEIJ_0C4,PHMNL,CNTSN,NOM96,NOM40,45G1,28846,V-BEIJ_0C4-180306,5A,34,2,3,V-BEIJ_0C4,18,3,6,0
145,25-02-26 2148,UNIT_YARD_MOVE,LOAD,EXPRT,SNBU8296650,Y-TSCT-5A3402.2,5A3402.2,Y-TSCT-Q04,5AA34,R351,T-TJCK6313-2 (TQ),BEIJ_0C4,PHMNL,CNTSN,NOM96,NOM40,45G1,26940,V-BEIJ_0C4-180106,5A,34,2,2,V-BEIJ_0C4,18,1,6,0
146,25-02-26 2151,UNIT_YARD_MOVE,LOAD,EXPRT,SNBU8337316,Y-TSCT-5A3402.1,5A3402.1,Y-TSCT-Q04,5AA34,R351,T-TJC55557-2 (TQ),BEIJ_0C4,PHMNL,CNTSN,NOM96,NOM40,45G1,28846,V-BEIJ_0C4-180006,5A,34,2,1,V-BEIJ_0C4,18,0,6,0
147,25-02-26 2259,UNIT_YARD_MOVE,LOAD,EXPRT,SNBU8345013,Y-TSCT-5A3401.3,5A3401.3,Y-TSCT-Q04,5AA34,R351,T-TJC67668-2 (TQ),BEIJ_0C4,PHMNL,CNTSN,NOM96,NOM40,45G1,18820,V-BEIJ_0C4-140384,5A,34,1,3,V-BEIJ_0C4,14,3,84,0
148,25-02-26 2309,UNIT_YARD_MOVE,LOAD,EXPRT,FFAU5953538,Y-TSCT-5A3405.3,5A3405.3,Y-TSCT-Q04,5AA34,R351,T-TJC80806-2 (TQ),BEIJ_0C4,PHMNL,CNTSN,NOM96,NOM40,45G1,16380,V-BEIJ_0C4-220782,5A,34,5,3,V-BEIJ_0C4,22,7,82,0
149,25-02-26 2311,UNIT_YARD_MOVE,LOAD,EXPRT,SNBU8291175,Y-TSCT-5A3405.2,5A3405.2,Y-TSCT-Q04,5AA34,R351,T-TJCD3156-2 (TQ),BEIJ_0C4,PHMNL,CNTSN,NOM96,NOM40,45G1,17200,V-BEIJ_0C4-220582,5A,34,5,2,V-BEIJ_0C4,22,5,82,0
150,25-02-26 2313,UNIT_YARD_MOVE,LOAD,EXPRT,BHCU4996773,Y-TSCT-5A3406.4,5A3406.4,Y-TSCT-Q04,5AA34,R351,T-TJCG1750-2 (TQ),BEIJ_0C4,PHMNL,CNTSN,NOM96,NOM40,45G1,19860,V-BEIJ_0C4-220382,5A,34,6,4,V-BEIJ_0C4,22,3,82,0
151,25-02-26 2315,UNIT_YARD_MOVE,LOAD,EXPRT,SNBU8399133,Y-TSCT-5A3406.3,5A3406.3,Y-TSCT-Q04,5AA34,R351,T-TJC67636-2 (TQ),BEIJ_0C4,PHMNL,CNTSN,NOM96,NOM40,45G1,23030,V-BEIJ_0C4-220182,5A,34,6,3,V-BEIJ_0C4,22,1,82,0
152,25-02-26 2317,UNIT_YARD_MOVE,LOAD,EXPRT,SNBU8198062,Y-TSCT-5A3411.1,5A3411.1,Y-TSCT-Q04,5AA34,R351,T-HBFN6608-2 (TQ),BEIJ_0C4,PHMNL,CNTSN,NOM96,NOM40,45G1,29320,V-BEIJ_0C4-220082,5A,34,11,1,V-BEIJ_0C4,22,0,82,0
153,25-02-26 2321,UNIT_YARD_MOVE,LOAD,EXPRT,TIIU6115906,Y-TSCT-5A3406.2,5A3406.2,Y-TSCT-Q04,5AA34,R351,T-TJCE2190-2 (TQ),BEIJ_0C4,PHMNL,CNTSN,NOM96,NOM40,45G1,21580,V-BEIJ_0C4-220482,5A,34,6,2,V-BEIJ_0C4,22,4,82,0
154,25-02-26 2323,UNIT_YARD_MOVE,LOAD,EXPRT,SNBU8413890,Y-TSCT-5A3406.1,5A3406.1,Y-TSCT-Q04,5AA34,R351,T-TJC68775-2 (TQ),BEIJ_0C4,PHMNL,CNTSN,NOM96,NOM40,45G1,21410,V-BEIJ_0C4-220682,5A,34,6,1,V-BEIJ_0C4,22,6,82,0
155,25-02-26 2325,UNIT_YARD_MOVE,LOAD,EXPRT,SNBU8413714,Y-TSCT-5A3405.1,5A3405.1,Y-TSCT-Q04,5AA34,R351,T-TJC22808-2 (TQ),BEIJ_0C4,PHMNL,CNTSN,NOM96,NOM40,45G1,18200,V-BEIJ_0C4-220882,5A,34,5,1,V-BEIJ_0C4,22,8,82,0
156,25-02-26 2332,UNIT_YARD_MOVE,LOAD,EXPRT,SNBU8413864,Y-TSCT-5A3403.1,5A3403.1,Y-TSCT-Q04,5AA34,R351,T-TJC55102-2 (TQ),BEIJ_0C4,PHMNL,CNTSN,NOM96,NOM40,45G1,12970,V-BEIJ_0C4-220384,5A,34,3,1,V-BEIJ_0C4,22,3,84,0
157,25-02-26 2333,UNIT_YARD_MOVE,LOAD,EXPRT,SNBU8208999,Y-TSCT-5A3407.5,5A3407.5,Y-TSCT-Q04,5AA34,R351,T-TJC97651-2 (TQ),BEIJ_0C4,PHMNL,CNTSN,NOM96,NOM40,45G1,13986,V-BEIJ_0C4-220184,5A,34,7,5,V-BEIJ_0C4,22,1,84,0
158,25-02-26 2335,UNIT_YARD_MOVE,LOAD,EXPRT,BHCU4985552,Y-TSCT-5A3407.4,5A3407.4,Y-TSCT-Q04,5AA34,R351,T-TJCH8520-2 (TQ),BEIJ_0C4,PHMNL,CNTSN,NOM96,NOM40,45G1,13517,V-BEIJ_0C4-220084,5A,34,7,4,V-BEIJ_0C4,22,0,84,0
159,25-02-26 2337,UNIT_YARD_MOVE,LOAD,EXPRT,SEGU6481469,Y-TSCT-5A3407.3,5A3407.3,Y-TSCT-Q04,5AA34,R351,T-TJCH1912-2 (TQ),BEIJ_0C4,PHMNL,CNTSN,NOM96,NOM40,45G1,13271,V-BEIJ_0C4-220284,5A,34,7,3,V-BEIJ_0C4,22,2,84,0
160,25-02-26 2339,UNIT_YARD_MOVE,LOAD,EXPRT,TEMU8371908,Y-TSCT-5A3407.2,5A3407.2,Y-TSCT-Q04,5AA34,R351,T-TJC55850-2 (TQ),BEIJ_0C4,PHMNL,CNTSN,NOM96,NOM40,45G1,14190,V-BEIJ_0C4-220484,5A,34,7,2,V-BEIJ_0C4,22,4,84,0
161,25-02-26 2341,UNIT_YARD_MOVE,LOAD,EXPRT,SNBU8413680,Y-TSCT-5A3407.1,5A3407.1,Y-TSCT-Q04,5AA34,R351,T-TJC55102-2 (TQ),BEIJ_0C4,PHMNL,CNTSN,NOM96,NOM40,45G1,11920,V-BEIJ_0C4-220684,5A,34,7,1,V-BEIJ_0C4,22,6,84,0
162,25-02-26 2153,UNIT_YARD_MOVE,LOAD,EXPRT,SNBU2340626,Y-TSCT-5A6911.4,5A6911.4,Y-TSCT-Q04,5AA69,R351,T-TJCB6558-2 (TQ),BEIJ_0C4,CNTAO,CNTSN,NOM86,NOM20,22G1,29666,V-BEIJ_0C4-170782,5A,69,11,4,V-BEIJ_0C4,17,7,82,1
163,25-02-26 2155,UNIT_YARD_MOVE,LOAD,EXPRT,SNCU2947486,Y-TSCT-5A6911.3,5A6911.3,Y-TSCT-Q04,5AA69,R351,T-TJC13767-2 (TQ),BEIJ_0C4,CNTAO,CNTSN,NOM86,NOM20,22G1,29696,V-BEIJ_0C4-190782,5A,69,11,3,V-BEIJ_0C4,19,7,82,1
164,25-02-26 2157,UNIT_YARD_MOVE,LOAD,EXPRT,SNBU2291218,Y-TSCT-5A6911.2,5A6911.2,Y-TSCT-Q04,5AA69,R351,T-TJCB9252-2 (TQ),BEIJ_0C4,CNTAO,CNTSN,NOM86,NOM20,22G1,29751,V-BEIJ_0C4-170382,5A,69,11,2,V-BEIJ_0C4,17,3,82,1
165,25-02-26 2159,UNIT_YARD_MOVE,LOAD,EXPRT,LYGU6190976,Y-TSCT-5A6911.1,5A6911.1,Y-TSCT-Q04,5AA69,R351,T-TJC79590-2 (TQ),BEIJ_0C4,CNTAO,CNTSN,NOM86,NOM20,22G1,29666,V-BEIJ_0C4-190382,5A,69,11,1,V-BEIJ_0C4,19,3,82,1
166,25-02-26 2201,UNIT_YARD_MOVE,LOAD,EXPRT,SNBU2283721,Y-TSCT-5A6910.5,5A6910.5,Y-TSCT-Q04,5AA69,R351,T-TJC79590-2 (TQ),BEIJ_0C4,CNTAO,CNTSN,NOM86,NOM20,22G1,29706,V-BEIJ_0C4-170082,5A,69,10,5,V-BEIJ_0C4,17,0,82,1
167,25-02-26 2202,UNIT_YARD_MOVE,LOAD,EXPRT,SNBU2370127,Y-TSCT-5A6910.4,5A6910.4,Y-TSCT-Q04,5AA69,R351,T-TJCA2172-2 (TQ),BEIJ_0C4,CNTAO,CNTSN,NOM86,NOM20,22G1,29666,V-BEIJ_0C4-190082,5A,69,10,4,V-BEIJ_0C4,19,0,82,1
168,25-02-26 2204,UNIT_YARD_MOVE,LOAD,EXPRT,FTAU2040105,Y-TSCT-5A6910.3,5A6910.3,Y-TSCT-Q04,5AA69,R351,T-TJCB7290-2 (TQ),BEIJ_0C4,CNTAO,CNTSN,NOM86,NOM20,22G1,29666,V-BEIJ_0C4-170482,5A,69,10,3,V-BEIJ_0C4,17,4,82,1
169,25-02-26 2206,UNIT_YARD_MOVE,LOAD,EXPRT,SNBU2277903,Y-TSCT-5A6910.2,5A6910.2,Y-TSCT-Q04,5AA69,R351,T-TJCB8738-2 (TQ),BEIJ_0C4,CNTAO,CNTSN,NOM86,NOM20,22G1,29706,V-BEIJ_0C4-190482,5A,69,10,2,V-BEIJ_0C4,19,4,82,1
170,25-02-26 2208,UNIT_YARD_MOVE,LOAD,EXPRT,SNBU2339498,Y-TSCT-5A6910.1,5A6910.1,Y-TSCT-Q04,5AA69,R351,T-TJCA3292-2 (TQ),BEIJ_0C4,CNTAO,CNTSN,NOM86,NOM20,22G1,29666,V-BEIJ_0C4-170882,5A,69,10,1,V-BEIJ_0C4,17,8,82,1
171,25-02-26 2210,UNIT_YARD_MOVE,LOAD,EXPRT,SNBU2375319,Y-TSCT-5A6909.5,5A6909.5,Y-TSCT-Q04,5AA69,R351,T-TJCA2590-2 (TQ),BEIJ_0C4,CNTAO,CNTSN,NOM86,NOM20,22G1,29666,V-BEIJ_0C4-190882,5A,69,9,5,V-BEIJ_0C4,19,8,82,1
172,25-02-26 2219,UNIT_YARD_MOVE,LOAD,EXPRT,SNBU2338629,Y-TSCT-5A6909.4,5A6909.4,Y-TSCT-Q04,5AA69,R351,T-TJC19532-2 (TQ),BEIJ_0C4,CNTAO,CNTSN,NOM86,NOM20,22G1,29666,V-BEIJ_0C4-170384,5A,69,9,4,V-BEIJ_0C4,17,3,84,1
173,25-02-26 2221,UNIT_YARD_MOVE,LOAD,EXPRT,BHCU3218181,Y-TSCT-5A6909.3,5A6909.3,Y-TSCT-Q04,5AA69,R351,T-TJC56969-2 (TQ),BEIJ_0C4,CNTAO,CNTSN,NOM86,NOM20,22G1,29716,V-BEIJ_0C4-190384,5A,69,9,3,V-BEIJ_0C4,19,3,84,1
174,25-02-26 2224,UNIT_YARD_MOVE,LOAD,EXPRT,TEMU0865587,Y-TSCT-5A6909.2,5A6909.2,Y-TSCT-Q04,5AA69,R351,T-TJCA5282-2 (TQ),BEIJ_0C4,CNTAO,CNTSN,NOM86,NOM20,22G1,29766,V-BEIJ_0C4-170084,5A,69,9,2,V-BEIJ_0C4,17,0,84,1
175,25-02-26 2226,UNIT_YARD_MOVE,LOAD,EXPRT,SNBU2401418,Y-TSCT-5A6909.1,5A6909.1,Y-TSCT-Q04,5AA69,R351,T-TJC19282-2 (TQ),BEIJ_0C4,CNTAO,CNTSN,NOM86,NOM20,22G1,29666,V-BEIJ_0C4-190084,5A,69,9,1,V-BEIJ_0C4,19,0,84,1
176,25-02-26 2230,UNIT_YARD_MOVE,LOAD,EXPRT,BHCU3219104,Y-TSCT-5A6908.3,5A6908.3,Y-TSCT-Q04,5AA69,R351,T-TJC79130-2 (TQ),BEIJ_0C4,CNTAO,CNTSN,NOM86,NOM20,22G1,29716,V-BEIJ_0C4-170484,5A,69,8,3,V-BEIJ_0C4,17,4,84,1
177,25-02-26 2232,UNIT_YARD_MOVE,LOAD,EXPRT,FTAU2021208,Y-TSCT-5A6908.2,5A6908.2,Y-TSCT-Q04,5AA69,R351,T-TJCB8738-2 (TQ),BEIJ_0C4,CNTAO,CNTSN,NOM86,NOM20,22G1,29666,V-BEIJ_0C4-190484,5A,69,8,2,V-BEIJ_0C4,19,4,84,1
178,25-02-26 2234,UNIT_YARD_MOVE,LOAD,EXPRT,SNBU2369152,Y-TSCT-5A6908.1,5A6908.1,Y-TSCT-Q04,5AA69,R351,T-TJCB7290-2 (TQ),BEIJ_0C4,CNTAO,CNTSN,NOM86,NOM20,22G1,29666,V-BEIJ_0C4-170584,5A,69,8,1,V-BEIJ_0C4,17,5,84,1
179,25-02-26 2237,UNIT_YARD_MOVE,LOAD,EXPRT,SNHU8020597,Y-TSCT-8A4205.2,8A4205.2,Y-TSCT-Q04,8AA42,R381,T-TJCH1179-2 (TQ),BEIJ_0C4,PHMNL,CNTSN,NOM96,NOM40,45R1,26692,V-BEIJ_0C4-140382,8A,42,5,2,V-BEIJ_0C4,14,3,82,2
180,25-02-26 2239,UNIT_YARD_MOVE,LOAD,EXPRT,TTNU8658188,Y-TSCT-8A4204.2,8A4204.2,Y-TSCT-Q04,8AA42,R381,T-TJCB3080-2 (TQ),BEIJ_0C4,PHMNL,CNTSN,NOM96,NOM40,45R1,30588,V-BEIJ_0C4-140182,8A,42,4,2,V-BEIJ_0C4,14,1,82,2
181,25-02-26 2242,UNIT_YARD_MOVE,LOAD,EXPRT,FBIU5097150,Y-TSCT-8A4206.1,8A4206.1,Y-TSCT-Q04,8AA42,R381,T-TJCM5766-2 (TQ),BEIJ_0C4,PHMNL,CNTSN,NOM96,NOM40,45R1,24860,V-BEIJ_0C4-140082,8A,42,6,1,V-BEIJ_0C4,14,0,82,2
182,25-02-26 2245,UNIT_YARD_MOVE,LOAD,EXPRT,SNHU8018199,Y-TSCT-8A4205.1,8A4205.1,Y-TSCT-Q04,8AA42,R381,T-TJCC2013-2 (TQ),BEIJ_0C4,PHMNL,CNTSN,NOM96,NOM40,45R1,26432,V-BEIJ_0C4-140282,8A,42,5,1,V-BEIJ_0C4,14,2,82,2
183,25-02-26 2247,UNIT_YARD_MOVE,LOAD,EXPRT,SNHU8016107,Y-TSCT-8A4204.1,8A4204.1,Y-TSCT-Q04,8AA42,R381,T-TJCB0093-2 (TQ),BEIJ_0C4,PHMNL,CNTSN,NOM96,NOM40,45R1,26492,V-BEIJ_0C4-140482,8A,42,4,1,V-BEIJ_0C4,14,4,82,2
